Workbook

Sheet ESTOQUE
J2: Data Inicial | K2: 44890
J3: Data Final | K3: 46752
K5: Ultima atualização em 10/04/2026
C6: SKU | D6: Nome | E6: Estoque Inicial | F6: Entrada | G6: Saída | H6: Estoque Final | I6: Valor | K6: Insumo | L6: Nível | N6: Classificação
C7: 10060088 | D7: =VLOOKUP(C7,'Cadastro Produtos (kiwkiw)'!C:E,3,0) -> Anel Drop Banho Ouro | E7: =SUMIFS(DETALHADO!G:G,DETALHADO!D:D,"<"&ESTOQUE!$K$2,DETALHADO!E:E,ESTOQUE!$C7) -> 0 | F7: =SUMIFS(DETALHADO!G:G,DETALHADO!D:D,"<="&ESTOQUE!$K$3,DETALHADO!D:D,">="&ESTOQUE!$K$2,DETALHADO!E:E,ESTOQUE!$C7,DETALHADO!C:C,ESTOQUE!F$6) -> 19 | G7: =-SUMIFS(DETALHADO!G:G,DETALHADO!D:D,"<="&ESTOQUE!$K$3,DETALHADO!D:D,">="&ESTOQUE!$K$2,DETALHADO!E:E,ESTOQUE!$C7,DETALHADO!C:C,ESTOQUE!G$6) -> 12 | H7: =+E7+F7-G7 -> 7 | I7: =+H7*VLOOKUP(C7,'Cadastro Produtos (kiwkiw)'!C:F,4,0) -> 0 | K7: CAIXA | L7: ALTO | N7: Alto: acima de 600 unidades (aprox.)
C8: 10010088 | D8: =VLOOKUP(C8,'Cadastro Produtos (kiwkiw)'!C:E,3,0) -> Anel Duplo Banho Ouro | E8: =SUMIFS(DETALHADO!G:G,DETALHADO!D:D,"<"&ESTOQUE!$K$2,DETALHADO!E:E,ESTOQUE!$C8) -> 0 | F8: =SUMIFS(DETALHADO!G:G,DETALHADO!D:D,"<="&ESTOQUE!$K$3,DETALHADO!D:D,">="&ESTOQUE!$K$2,DETALHADO!E:E,ESTOQUE!$C8,DETALHADO!C:C,ESTOQUE!F$6) -> 18 | G8: =-SUMIFS(DETALHADO!G:G,DETALHADO!D:D,"<="&ESTOQUE!$K$3,DETALHADO!D:D,">="&ESTOQUE!$K$2,DETALHADO!E:E,ESTOQUE!$C8,DETALHADO!C:C,ESTOQUE!G$6) -> 18 | H8: =+E8+F8-G8 -> 0 | I8: =+H8*VLOOKUP(C8,'Cadastro Produtos (kiwkiw)'!C:F,4,0) -> 0 | K8: CARD | L8: ALTO | N8: Médio: de 300 a 600 uni (aprox.)
C9: 10020088 | D9: =VLOOKUP(C9,'Cadastro Produtos (kiwkiw)'!C:E,3,0) -> Anel Etta Banho Ouro | E9: =SUMIFS(DETALHADO!G:G,DETALHADO!D:D,"<"&ESTOQUE!$K$2,DETALHADO!E:E,ESTOQUE!$C9) -> 0 | F9: =SUMIFS(DETALHADO!G:G,DETALHADO!D:D,"<="&ESTOQUE!$K$3,DETALHADO!D:D,">="&ESTOQUE!$K$2,DETALHADO!E:E,ESTOQUE!$C9,DETALHADO!C:C,ESTOQUE!F$6) -> 22 | G9: =-SUMIFS(DETALHADO!G:G,DETALHADO!D:D,"<="&ESTOQUE!$K$3,DETALHADO!D:D,">="&ESTOQUE!$K$2,DETALHADO!E:E,ESTOQUE!$C9,DETALHADO!C:C,ESTOQUE!G$6) -> 22 | H9: =+E9+F9-G9 -> 0 | I9: =+H9*VLOOKUP(C9,'Cadastro Produtos (kiwkiw)'!C:F,4,0) -> 0 | K9: ESSENCIA DE CAIXA | L9: MÉDIO | N9: Baixo: até 300 unidades (aprox.)
C10: 10050088 | D10: =VLOOKUP(C10,'Cadastro Produtos (kiwkiw)'!C:E,3,0) -> Anel No Banho Ouro | E10: =SUMIFS(DETALHADO!G:G,DETALHADO!D:D,"<"&ESTOQUE!$K$2,DETALHADO!E:E,ESTOQUE!$C10) -> 0 | F10: =SUMIFS(DETALHADO!G:G,DETALHADO!D:D,"<="&ESTOQUE!$K$3,DETALHADO!D:D,">="&ESTOQUE!$K$2,DETALHADO!E:E,ESTOQUE!$C10,DETALHADO!C:C,ESTOQUE!F$6) -> 19 | G10: =-SUMIFS(DETALHADO!G:G,DETALHADO!D:D,"<="&ESTOQUE!$K$3,DETALHADO!D:D,">="&ESTOQUE!$K$2,DETALHADO!E:E,ESTOQUE!$C10,DETALHADO!C:C,ESTOQUE!G$6) -> 4 | H10: =+E10+F10-G10 -> 15 | I10: =+H10*VLOOKUP(C10,'Cadastro Produtos (kiwkiw)'!C:F,4,0) -> 0 | K10: SAQUINHO | L10: ALTO
C11: 10040088 | D11: =VLOOKUP(C11,'Cadastro Produtos (kiwkiw)'!C:E,3,0) -> Anel Roll Banho Ouro | E11: =SUMIFS(DETALHADO!G:G,DETALHADO!D:D,"<"&ESTOQUE!$K$2,DETALHADO!E:E,ESTOQUE!$C11) -> 0 | F11: =SUMIFS(DETALHADO!G:G,DETALHADO!D:D,"<="&ESTOQUE!$K$3,DETALHADO!D:D,">="&ESTOQUE!$K$2,DETALHADO!E:E,ESTOQUE!$C11,DETALHADO!C:C,ESTOQUE!F$6) -> 19 | G11: =-SUMIFS(DETALHADO!G:G,DETALHADO!D:D,"<="&ESTOQUE!$K$3,DETALHADO!D:D,">="&ESTOQUE!$K$2,DETALHADO!E:E,ESTOQUE!$C11,DETALHADO!C:C,ESTOQUE!G$6) -> 6 | H11: =+E11+F11-G11 -> 13 | I11: =+H11*VLOOKUP(C11,'Cadastro Produtos (kiwkiw)'!C:F,4,0) -> 0
C12: 10030088 | D12: =VLOOKUP(C12,'Cadastro Produtos (kiwkiw)'!C:E,3,0) -> Anel Zig Ajustavel Banho Ouro | E12: =SUMIFS(DETALHADO!G:G,DETALHADO!D:D,"<"&ESTOQUE!$K$2,DETALHADO!E:E,ESTOQUE!$C12) -> 0 | F12: =SUMIFS(DETALHADO!G:G,DETALHADO!D:D,"<="&ESTOQUE!$K$3,DETALHADO!D:D,">="&ESTOQUE!$K$2,DETALHADO!E:E,ESTOQUE!$C12,DETALHADO!C:C,ESTOQUE!F$6) -> 8 | G12: =-SUMIFS(DETALHADO!G:G,DETALHADO!D:D,"<="&ESTOQUE!$K$3,DETALHADO!D:D,">="&ESTOQUE!$K$2,DETALHADO!E:E,ESTOQUE!$C12,DETALHADO!C:C,ESTOQUE!G$6) -> 8 | H12: =+E12+F12-G12 -> 0 | I12: =+H12*VLOOKUP(C12,'Cadastro Produtos (kiwkiw)'!C:F,4,0) -> 0
C13: 20030088 | D13: =VLOOKUP(C13,'Cadastro Produtos (kiwkiw)'!C:E,3,0) -> Argola Amy Banho Ouro | E13: =SUMIFS(DETALHADO!G:G,DETALHADO!D:D,"<"&ESTOQUE!$K$2,DETALHADO!E:E,ESTOQUE!$C13) -> 0 | F13: =SUMIFS(DETALHADO!G:G,DETALHADO!D:D,"<="&ESTOQUE!$K$3,DETALHADO!D:D,">="&ESTOQUE!$K$2,DETALHADO!E:E,ESTOQUE!$C13,DETALHADO!C:C,ESTOQUE!F$6) -> 12 | G13: =-SUMIFS(DETALHADO!G:G,DETALHADO!D:D,"<="&ESTOQUE!$K$3,DETALHADO!D:D,">="&ESTOQUE!$K$2,DETALHADO!E:E,ESTOQUE!$C13,DETALHADO!C:C,ESTOQUE!G$6) -> 12 | H13: =+E13+F13-G13 -> 0 | I13: =+H13*VLOOKUP(C13,'Cadastro Produtos (kiwkiw)'!C:F,4,0) -> 0
C14: 20010088 | D14: =VLOOKUP(C14,'Cadastro Produtos (kiwkiw)'!C:E,3,0) -> Argola Bold Grande Banho Ouro | E14: =SUMIFS(DETALHADO!G:G,DETALHADO!D:D,"<"&ESTOQUE!$K$2,DETALHADO!E:E,ESTOQUE!$C14) -> 0 | F14: =SUMIFS(DETALHADO!G:G,DETALHADO!D:D,"<="&ESTOQUE!$K$3,DETALHADO!D:D,">="&ESTOQUE!$K$2,DETALHADO!E:E,ESTOQUE!$C14,DETALHADO!C:C,ESTOQUE!F$6) -> 13 | G14: =-SUMIFS(DETALHADO!G:G,DETALHADO!D:D,"<="&ESTOQUE!$K$3,DETALHADO!D:D,">="&ESTOQUE!$K$2,DETALHADO!E:E,ESTOQUE!$C14,DETALHADO!C:C,ESTOQUE!G$6) -> 13 | H14: =+E14+F14-G14 -> 0 | I14: =+H14*VLOOKUP(C14,'Cadastro Produtos (kiwkiw)'!C:F,4,0) -> 0
C15: 20020088 | D15: =VLOOKUP(C15,'Cadastro Produtos (kiwkiw)'!C:E,3,0) -> Argola Bold Pequena Banho Ouro | E15: =SUMIFS(DETALHADO!G:G,DETALHADO!D:D,"<"&ESTOQUE!$K$2,DETALHADO!E:E,ESTOQUE!$C15) -> 0 | F15: =SUMIFS(DETALHADO!G:G,DETALHADO!D:D,"<="&ESTOQUE!$K$3,DETALHADO!D:D,">="&ESTOQUE!$K$2,DETALHADO!E:E,ESTOQUE!$C15,DETALHADO!C:C,ESTOQUE!F$6) -> 17 | G15: =-SUMIFS(DETALHADO!G:G,DETALHADO!D:D,"<="&ESTOQUE!$K$3,DETALHADO!D:D,">="&ESTOQUE!$K$2,DETALHADO!E:E,ESTOQUE!$C15,DETALHADO!C:C,ESTOQUE!G$6) -> 17 | H15: =+E15+F15-G15 -> 0 | I15: =+H15*VLOOKUP(C15,'Cadastro Produtos (kiwkiw)'!C:F,4,0) -> 0
C16: 20130088 | D16: =VLOOKUP(C16,'Cadastro Produtos (kiwkiw)'!C:E,3,0) -> Argola Classy Banho Ouro | E16: =SUMIFS(DETALHADO!G:G,DETALHADO!D:D,"<"&ESTOQUE!$K$2,DETALHADO!E:E,ESTOQUE!$C16) -> 0 | F16: =SUMIFS(DETALHADO!G:G,DETALHADO!D:D,"<="&ESTOQUE!$K$3,DETALHADO!D:D,">="&ESTOQUE!$K$2,DETALHADO!E:E,ESTOQUE!$C16,DETALHADO!C:C,ESTOQUE!F$6) -> 62 | G16: =-SUMIFS(DETALHADO!G:G,DETALHADO!D:D,"<="&ESTOQUE!$K$3,DETALHADO!D:D,">="&ESTOQUE!$K$2,DETALHADO!E:E,ESTOQUE!$C16,DETALHADO!C:C,ESTOQUE!G$6) -> 40 | H16: =+E16+F16-G16 -> 22 | I16: =+H16*VLOOKUP(C16,'Cadastro Produtos (kiwkiw)'!C:F,4,0) -> 0
C17: 20140099 | D17: =VLOOKUP(C17,'Cadastro Produtos (kiwkiw)'!C:E,3,0) -> Argola Classy Prateada | E17: =SUMIFS(DETALHADO!G:G,DETALHADO!D:D,"<"&ESTOQUE!$K$2,DETALHADO!E:E,ESTOQUE!$C17) -> 0 | F17: =SUMIFS(DETALHADO!G:G,DETALHADO!D:D,"<="&ESTOQUE!$K$3,DETALHADO!D:D,">="&ESTOQUE!$K$2,DETALHADO!E:E,ESTOQUE!$C17,DETALHADO!C:C,ESTOQUE!F$6) -> 36 | G17: =-SUMIFS(DETALHADO!G:G,DETALHADO!D:D,"<="&ESTOQUE!$K$3,DETALHADO!D:D,">="&ESTOQUE!$K$2,DETALHADO!E:E,ESTOQUE!$C17,DETALHADO!C:C,ESTOQUE!G$6) -> 25 | H17: =+E17+F17-G17 -> 11 | I17: =+H17*VLOOKUP(C17,'Cadastro Produtos (kiwkiw)'!C:F,4,0) -> 0
C18: 20910088 | D18: =VLOOKUP(C18,'Cadastro Produtos (kiwkiw)'!C:E,3,0) -> Argola Click Croissant Banho Ouro | E18: =SUMIFS(DETALHADO!G:G,DETALHADO!D:D,"<"&ESTOQUE!$K$2,DETALHADO!E:E,ESTOQUE!$C18) -> 0 | F18: =SUMIFS(DETALHADO!G:G,DETALHADO!D:D,"<="&ESTOQUE!$K$3,DETALHADO!D:D,">="&ESTOQUE!$K$2,DETALHADO!E:E,ESTOQUE!$C18,DETALHADO!C:C,ESTOQUE!F$6) -> 20 | G18: =-SUMIFS(DETALHADO!G:G,DETALHADO!D:D,"<="&ESTOQUE!$K$3,DETALHADO!D:D,">="&ESTOQUE!$K$2,DETALHADO!E:E,ESTOQUE!$C18,DETALHADO!C:C,ESTOQUE!G$6) -> 5 | H18: =+E18+F18-G18 -> 15 | I18: =+H18*VLOOKUP(C18,'Cadastro Produtos (kiwkiw)'!C:F,4,0) -> 0
C19: 20070088 | D19: =VLOOKUP(C19,'Cadastro Produtos (kiwkiw)'!C:E,3,0) -> Argola Click Diamond Banho Ouro | E19: =SUMIFS(DETALHADO!G:G,DETALHADO!D:D,"<"&ESTOQUE!$K$2,DETALHADO!E:E,ESTOQUE!$C19) -> 0 | F19: =SUMIFS(DETALHADO!G:G,DETALHADO!D:D,"<="&ESTOQUE!$K$3,DETALHADO!D:D,">="&ESTOQUE!$K$2,DETALHADO!E:E,ESTOQUE!$C19,DETALHADO!C:C,ESTOQUE!F$6) -> 50 | G19: =-SUMIFS(DETALHADO!G:G,DETALHADO!D:D,"<="&ESTOQUE!$K$3,DETALHADO!D:D,">="&ESTOQUE!$K$2,DETALHADO!E:E,ESTOQUE!$C19,DETALHADO!C:C,ESTOQUE!G$6) -> 25 | H19: =+E19+F19-G19 -> 25 | I19: =+H19*VLOOKUP(C19,'Cadastro Produtos (kiwkiw)'!C:F,4,0) -> 0
C20: 20040088 | D20: =VLOOKUP(C20,'Cadastro Produtos (kiwkiw)'!C:E,3,0) -> Argola Click Grande Banho Ouro | E20: =SUMIFS(DETALHADO!G:G,DETALHADO!D:D,"<"&ESTOQUE!$K$2,DETALHADO!E:E,ESTOQUE!$C20) -> 0 | F20: =SUMIFS(DETALHADO!G:G,DETALHADO!D:D,"<="&ESTOQUE!$K$3,DETALHADO!D:D,">="&ESTOQUE!$K$2,DETALHADO!E:E,ESTOQUE!$C20,DETALHADO!C:C,ESTOQUE!F$6) -> 41 | G20: =-SUMIFS(DETALHADO!G:G,DETALHADO!D:D,"<="&ESTOQUE!$K$3,DETALHADO!D:D,">="&ESTOQUE!$K$2,DETALHADO!E:E,ESTOQUE!$C20,DETALHADO!C:C,ESTOQUE!G$6) -> 39 | H20: =+E20+F20-G20 -> 2 | I20: =+H20*VLOOKUP(C20,'Cadastro Produtos (kiwkiw)'!C:F,4,0) -> 0
C21: 20050088 | D21: =VLOOKUP(C21,'Cadastro Produtos (kiwkiw)'!C:E,3,0) -> Argola Click Media Banho Ouro | E21: =SUMIFS(DETALHADO!G:G,DETALHADO!D:D,"<"&ESTOQUE!$K$2,DETALHADO!E:E,ESTOQUE!$C21) -> 0 | F21: =SUMIFS(DETALHADO!G:G,DETALHADO!D:D,"<="&ESTOQUE!$K$3,DETALHADO!D:D,">="&ESTOQUE!$K$2,DETALHADO!E:E,ESTOQUE!$C21,DETALHADO!C:C,ESTOQUE!F$6) -> 46 | G21: =-SUMIFS(DETALHADO!G:G,DETALHADO!D:D,"<="&ESTOQUE!$K$3,DETALHADO!D:D,">="&ESTOQUE!$K$2,DETALHADO!E:E,ESTOQUE!$C21,DETALHADO!C:C,ESTOQUE!G$6) -> 34 | H21: =+E21+F21-G21 -> 12 | I21: =+H21*VLOOKUP(C21,'Cadastro Produtos (kiwkiw)'!C:F,4,0) -> 0
C22: 20060088 | D22: =VLOOKUP(C22,'Cadastro Produtos (kiwkiw)'!C:E,3,0) -> Argola Click Pequena Banho Ouro | E22: =SUMIFS(DETALHADO!G:G,DETALHADO!D:D,"<"&ESTOQUE!$K$2,DETALHADO!E:E,ESTOQUE!$C22) -> 0 | F22: =SUMIFS(DETALHADO!G:G,DETALHADO!D:D,"<="&ESTOQUE!$K$3,DETALHADO!D:D,">="&ESTOQUE!$K$2,DETALHADO!E:E,ESTOQUE!$C22,DETALHADO!C:C,ESTOQUE!F$6) -> 51 | G22: =-SUMIFS(DETALHADO!G:G,DETALHADO!D:D,"<="&ESTOQUE!$K$3,DETALHADO!D:D,">="&ESTOQUE!$K$2,DETALHADO!E:E,ESTOQUE!$C22,DETALHADO!C:C,ESTOQUE!G$6) -> 32 | H22: =+E22+F22-G22 -> 19 | I22: =+H22*VLOOKUP(C22,'Cadastro Produtos (kiwkiw)'!C:F,4,0) -> 0
... C198: 40210088 | D198: =VLOOKUP(C198,'Cadastro Produtos (kiwkiw)'!C:E,3,0) -> Pulseira Torcida Banho Ouro | E198: =SUMIFS(DETALHADO!G:G,DETALHADO!D:D,"<"&ESTOQUE!$K$2,DETALHADO!E:E,ESTOQUE!$C198) -> 0 | F198: =SUMIFS(DETALHADO!G:G,DETALHADO!D:D,"<="&ESTOQUE!$K$3,DETALHADO!D:D,">="&ESTOQUE!$K$2,DETALHADO!E:E,ESTOQUE!$C198,DETALHADO!C:C,ESTOQUE!F$6) -> 19 | G198: =-SUMIFS(DETALHADO!G:G,DETALHADO!D:D,"<="&ESTOQUE!$K$3,DETALHADO!D:D,">="&ESTOQUE!$K$2,DETALHADO!E:E,ESTOQUE!$C198,DETALHADO!C:C,ESTOQUE!G$6) -> 9 | H198: =+E198+F198-G198 -> 10 | I198: =+H198*VLOOKUP(C198,'Cadastro Produtos (kiwkiw)'!C:F,4,0) -> 0

Sheet DETALHADO
P1: Cubagem
A2: Cliente | B2: Log | C2: Tipo | D2: Data | E2: SKU | F2: Quantidade | G2: Ajuste | H2: Nome | I2: Observação | K2: Andar | L2: Zona | M2: Bloco | N2: Pavimento | O2: Posição | P2: Largura | Q2: Profundidade | R2: Altura | S2: Volume | V2: cod. caixa | W2: L | X2: P | Y2: A | Z2: preço | AB2: #NF
B3: 45476.681 | C3: Entrada | D3: 45476 | E3: 10010088 | F3: 17 | G3: =IF(C3="Entrada",F3,-F3) -> 17 | H3: =VLOOKUP(E3,'Cadastro Produtos (kiwkiw)'!C:E,3,0) -> Anel Duplo Banho Ouro | AB3: 3047
C4: Entrada | D4: 45476 | E4: 10020088 | F4: 22 | G4: =IF(C4="Entrada",F4,-F4) -> 22 | H4: =VLOOKUP(E4,'Cadastro Produtos (kiwkiw)'!C:E,3,0) -> Anel Etta Banho Ouro | AB4: 3047
C5: Entrada | D5: 45476 | E5: 10030088 | F5: 7 | G5: =IF(C5="Entrada",F5,-F5) -> 7 | H5: =VLOOKUP(E5,'Cadastro Produtos (kiwkiw)'!C:E,3,0) -> Anel Zig Ajustavel Banho Ouro | AB5: 3047
C6: Entrada | D6: 45476 | E6: 20010088 | F6: 12 | G6: =IF(C6="Entrada",F6,-F6) -> 12 | H6: =VLOOKUP(E6,'Cadastro Produtos (kiwkiw)'!C:E,3,0) -> Argola Bold Grande Banho Ouro | AB6: 3047
C7: Entrada | D7: 45476 | E7: 20020088 | F7: 17 | G7: =IF(C7="Entrada",F7,-F7) -> 17 | H7: =VLOOKUP(E7,'Cadastro Produtos (kiwkiw)'!C:E,3,0) -> Argola Bold Pequena Banho Ouro | I7: Recebemos 17 unidades e não 16 conforme NF | AB7: 3047
C8: Entrada | D8: 45476 | E8: 20030088 | F8: 11 | G8: =IF(C8="Entrada",F8,-F8) -> 11 | H8: =VLOOKUP(E8,'Cadastro Produtos (kiwkiw)'!C:E,3,0) -> Argola Amy Banho Ouro | AB8: 3047
C9: Entrada | D9: 45476 | E9: 20040088 | F9: 12 | G9: =IF(C9="Entrada",F9,-F9) -> 12 | H9: =VLOOKUP(E9,'Cadastro Produtos (kiwkiw)'!C:E,3,0) -> Argola Click Grande Banho Ouro | AB9: 3047
C10: Entrada | D10: 45476 | E10: 20050088 | F10: 12 | G10: =IF(C10="Entrada",F10,-F10) -> 12 | H10: =VLOOKUP(E10,'Cadastro Produtos (kiwkiw)'!C:E,3,0) -> Argola Click Media Banho Ouro | AB10: 3047
C11: Entrada | D11: 45476 | E11: 20060088 | F11: 19 | G11: =IF(C11="Entrada",F11,-F11) -> 19 | H11: =VLOOKUP(E11,'Cadastro Produtos (kiwkiw)'!C:E,3,0) -> Argola Click Pequena Banho Ouro | AB11: 3047
C12: Entrada | D12: 45476 | E12: 20070088 | F12: 19 | G12: =IF(C12="Entrada",F12,-F12) -> 19 | H12: =VLOOKUP(E12,'Cadastro Produtos (kiwkiw)'!C:E,3,0) -> Argola Click Diamond Banho Ouro | AB12: 3047
C13: Entrada | D13: 45476 | E13: 20080088 | F13: 14 | G13: =IF(C13="Entrada",F13,-F13) -> 14 | H13: =VLOOKUP(E13,'Cadastro Produtos (kiwkiw)'!C:E,3,0) -> Argola Organica Banho Ouro | AB13: 3047
C14: Entrada | D14: 45476 | E14: 20090088 | F14: 25 | G14: =IF(C14="Entrada",F14,-F14) -> 25 | H14: =VLOOKUP(E14,'Cadastro Produtos (kiwkiw)'!C:E,3,0) -> Argola Reta Basic Banho Ouro | AB14: 3047
C15: Entrada | D15: 45476 | E15: 20100088 | F15: 29 | G15: =IF(C15="Entrada",F15,-F15) -> 29 | H15: =VLOOKUP(E15,'Cadastro Produtos (kiwkiw)'!C:E,3,0) -> Argola Redonda Basic Banho Ouro | AB15: 3047
C16: Entrada | D16: 45476 | E16: 20110088 | F16: 30 | G16: =IF(C16="Entrada",F16,-F16) -> 30 | H16: =VLOOKUP(E16,'Cadastro Produtos (kiwkiw)'!C:E,3,0) -> Argola Torcida Banho Ouro | AB16: 3047
C17: Entrada | D17: 45476 | E17: 20120088 | F17: 11 | G17: =IF(C17="Entrada",F17,-F17) -> 11 | H17: =VLOOKUP(E17,'Cadastro Produtos (kiwkiw)'!C:E,3,0) -> Argola Tripla Banho Ouro | AB17: 3047
C18: Entrada | D18: 45476 | E18: 20130088 | F18: 39 | G18: =IF(C18="Entrada",F18,-F18) -> 39 | H18: =VLOOKUP(E18,'Cadastro Produtos (kiwkiw)'!C:E,3,0) -> Argola Classy Banho Ouro | AB18: 3047
C19: Entrada | D19: 45476 | E19: 20140099 | F19: 20 | G19: =IF(C19="Entrada",F19,-F19) -> 20 | H19: =VLOOKUP(E19,'Cadastro Produtos (kiwkiw)'!C:E,3,0) -> Argola Classy Prateada | AB19: 3047
... C68: Entrada | D68: 45476 | E68: 20630088 | F68: 29 | G68: =IF(C68="Entrada",F68,-F68) -> 29 | H68: =VLOOKUP(E68,'Cadastro Produtos (kiwkiw)'!C:E,3,0) -> Piercing Fake Dots Banho Ouro | AB68: 3047
C69: Entrada | D69: 45476 | E69: 20640088 | F69: 30 | G69: =IF(C69="Entrada",F69,-F69) -> 30 | H69: =VLOOKUP(E69,'Cadastro Produtos (kiwkiw)'!C:E,3,0) -> Piercing Fake Minimal Banho Ouro | I69: Recebemos 30 unidades e não 29 conforme NF | AB69: 3047
C70: Entrada | D70: 45476 | E70: 20650088 | F70: 19 | G70: =IF(C70="Entrada",F70,-F70) -> 19 | H70: =VLOOKUP(E70,'Cadastro Produtos (kiwkiw)'!C:E,3,0) -> Piercing Fake Classy Banho Ouro | AB70: 3047
C71: Entrada | D71: 45476 | E71: 20660099 | F71: 9 | G71: =IF(C71="Entrada",F71,-F71) -> 9 | H71: =VLOOKUP(E71,'Cadastro Produtos (kiwkiw)'!C:E,3,0) -> Piercing Fake Classy Prateado | AB71: 3047
C72: Entrada | D72: 45476 | E72: 30010088 | F72: 26 | G72: =IF(C72="Entrada",F72,-F72) -> 26 | H72: =VLOOKUP(E72,'Cadastro Produtos (kiwkiw)'!C:E,3,0) -> Colar Dot Banho Ouro | AB72: 3047
C73: Entrada | D73: 45476 | E73: 30020099 | F73: 19 | G73: =IF(C73="Entrada",F73,-F73) -> 19 | H73: =VLOOKUP(E73,'Cadastro Produtos (kiwkiw)'!C:E,3,0) -> Colar Dot Prateado | AB73: 3047
C74: Entrada | D74: 45476 | E74: 30030088 | F74: 20 | G74: =IF(C74="Entrada",F74,-F74) -> 20 | H74: =VLOOKUP(E74,'Cadastro Produtos (kiwkiw)'!C:E,3,0) -> Colar Rosa dos Ventos Banho Ouro | AB74: 3047
C75: Entrada | D75: 45476 | E75: 30040088 | F75: 45 | G75: =IF(C75="Entrada",F75,-F75) -> 45 | H75: =VLOOKUP(E75,'Cadastro Produtos (kiwkiw)'!C:E,3,0) -> Colar Coracao Banho Ouro | AB75: 3047
C76: Entrada | D76: 45476 | E76: 30050099 | F76: 27 | G76: =IF(C76="Entrada",F76,-F76) -> 27 | H76: =VLOOKUP(E76,'Cadastro Produtos (kiwkiw)'!C:E,3,0) -> Colar Coracao Prateado | AB76: 3047
C77: Entrada | D77: 45476 | E77: 30060088 | F77: 25 | G77: =IF(C77="Entrada",F77,-F77) -> 25 | H77: =VLOOKUP(E77,'Cadastro Produtos (kiwkiw)'!C:E,3,0) -> Colar Duplo Dots Banho Ouro | AB77: 3047
C78: Entrada | D78: 45476 | E78: 30070099 | F78: 19 | G78: =IF(C78="Entrada",F78,-F78) -> 19 | H78: =VLOOKUP(E78,'Cadastro Produtos (kiwkiw)'!C:E,3,0) -> Colar Duplo Dots Prateado | AB78: 3047
C79: Entrada | D79: 45476 | E79: 30080088 | F79: 13 | G79: =IF(C79="Entrada",F79,-F79) -> 13 | H79: =VLOOKUP(E79,'Cadastro Produtos (kiwkiw)'!C:E,3,0) -> Colar Duplo Minimal Banho Ouro | AB79: 3047
C80: Entrada | D80: 45476 | E80: 30090099 | F80: 8 | G80: =IF(C80="Entrada",F80,-F80) -> 8 | H80: =VLOOKUP(E80,'Cadastro Produtos (kiwkiw)'!C:E,3,0) -> Colar Duplo Minimal Prateado | AB80: 3047
C81: Entrada | D81: 45476 | E81: 30100088 | F81: 11 | G81: =IF(C81="Entrada",F81,-F81) -> 11 | H81: =VLOOKUP(E81,'Cadastro Produtos (kiwkiw)'!C:E,3,0) -> Colar Longo Esfera Banho Ouro | AB81: 3047
... C113: Entrada | D113: 45476 | E113: 40120099 | F113: 26 | G113: =IF(C113="Entrada",F113,-F113) -> 26 | H113: =VLOOKUP(E113,'Cadastro Produtos (kiwkiw)'!C:E,3,0) -> Pulseira Snake Prateada | AB113: 3047
B114: 45496.788 | C114: Saída | D114: 45495 | E114: 30160088 | F114: 1 | G114: =IF(C114="Entrada",F114,-F114) -> -1 | H114: =VLOOKUP(E114,'Cadastro Produtos (kiwkiw)'!C:E,3,0) -> Colar Ivy Banho Ouro | AB114: 3051
C115: Saída | D115: 45495 | E115: 20030088 | F115: 1 | G115: =IF(C115="Entrada",F115,-F115) -> -1 | H115: =VLOOKUP(E115,'Cadastro Produtos (kiwkiw)'!C:E,3,0) -> Argola Amy Banho Ouro | AB115: 3051
C116: Saída | D116: 45495 | E116: 20320088 | F116: 1 | G116: =IF(C116="Entrada",F116,-F116) -> -1 | H116: =VLOOKUP(E116,'Cadastro Produtos (kiwkiw)'!C:E,3,0) -> Brinco Ivy Banho Ouro | AB116: 3051
C117: Saída | D117: 45495 | E117: 20010088 | F117: 1 | G117: =IF(C117="Entrada",F117,-F117) -> -1 | H117: =VLOOKUP(E117,'Cadastro Produtos (kiwkiw)'!C:E,3,0) -> Argola Bold Grande Banho Ouro | AB117: 3051
C118: Saída | D118: 45495 | E118: 20280088 | F118: 1 | G118: =IF(C118="Entrada",F118,-F118) -> -1 | H118: =VLOOKUP(E118,'Cadastro Produtos (kiwkiw)'!C:E,3,0) -> Brinco Elos Banho Ouro | AB118: 3051
C119: Saída | D119: 45495 | E119: 10010088 | F119: 1 | G119: =IF(C119="Entrada",F119,-F119) -> -1 | H119: =VLOOKUP(E119,'Cadastro Produtos (kiwkiw)'!C:E,3,0) -> Anel Duplo Banho Ouro | AB119: 3051
C120: Saída | D120: 45495 | E120: 10010088 | F120: 1 | G120: =IF(C120="Entrada",F120,-F120) -> -1 | H120: =VLOOKUP(E120,'Cadastro Produtos (kiwkiw)'!C:E,3,0) -> Anel Duplo Banho Ouro | AB120: 3054
C121: Saída | D121: 45495 | E121: 30300088 | F121: 1 | G121: =IF(C121="Entrada",F121,-F121) -> -1 | H121: =VLOOKUP(E121,'Cadastro Produtos (kiwkiw)'!C:E,3,0) -> Gargantilha Minimal Banho Ouro | AB121: 3052
C122: Saída | D122: 45495 | E122: 20210088 | F122: 1 | G122: =IF(C122="Entrada",F122,-F122) -> -1 | H122: =VLOOKUP(E122,'Cadastro Produtos (kiwkiw)'!C:E,3,0) -> Brinco Mini Aviao Banho Ouro | AB122: 3052
C123: Saída | D123: 45495 | E123: 20290088 | F123: 1 | G123: =IF(C123="Entrada",F123,-F123) -> -1 | H123: =VLOOKUP(E123,'Cadastro Produtos (kiwkiw)'!C:E,3,0) -> Brinco Mini Flecha Banho Ouro | AB123: 3052
C124: Saída | D124: 45495 | E124: 20340088 | F124: 1 | G124: =IF(C124="Entrada",F124,-F124) -> -1 | H124: =VLOOKUP(E124,'Cadastro Produtos (kiwkiw)'!C:E,3,0) -> Brinco Mini Raio Banho Ouro | AB124: 3052
C125: Saída | D125: 45495 | E125: 20390088 | F125: 1 | G125: =IF(C125="Entrada",F125,-F125) -> -1 | H125: =VLOOKUP(E125,'Cadastro Produtos (kiwkiw)'!C:E,3,0) -> Brinco Setas Banho Ouro | AB125: 3052
C126: Saída | D126: 45495 | E126: 30200088 | F126: 1 | G126: =IF(C126="Entrada",F126,-F126) -> -1 | H126: =VLOOKUP(E126,'Cadastro Produtos (kiwkiw)'!C:E,3,0) -> Colar Tina Banho Ouro | AB126: 3053
... C139: Saída | D139: 45495 | E139: 20540088 | F139: 1 | G139: =IF(C139="Entrada",F139,-F139) -> -1 | H139: =VLOOKUP(E139,'Cadastro Produtos (kiwkiw)'!C:E,3,0) -> EarHook Dots Banho Ouro | AB139: 3056
B140: 45497.485 | C140: Saída | D140: 45497 | E140: 30160088 | F140: 1 | G140: =IF(C140="Entrada",F140,-F140) -> -1 | H140: =VLOOKUP(E140,'Cadastro Produtos (kiwkiw)'!C:E,3,0) -> Colar Ivy Banho Ouro | AB140: 3057
B141: 45498.423 | C141: Saída | D141: 45498 | E141: 20520088 | F141: 1 | G141: =IF(C141="Entrada",F141,-F141) -> -1 | H141: =VLOOKUP(E141,'Cadastro Produtos (kiwkiw)'!C:E,3,0) -> Ear Hook Hug Banho Ouro | AB141: 3058
B142: 45499.429 | C142: Saída | D142: 45499 | E142: 30060088 | F142: 1 | G142: =IF(C142="Entrada",F142,-F142) -> -1 | H142: =VLOOKUP(E142,'Cadastro Produtos (kiwkiw)'!C:E,3,0) -> Colar Duplo Dots Banho Ouro | AB142: 003061
C143: Saída | D143: 45499 | E143: 30010088 | F143: 1 | G143: =IF(C143="Entrada",F143,-F143) -> -1 | H143: =VLOOKUP(E143,'Cadastro Produtos (kiwkiw)'!C:E,3,0) -> Colar Dot Banho Ouro | AB143: 003060
C144: Saída | D144: 45499 | E144: 30160088 | F144: 1 | G144: =IF(C144="Entrada",F144,-F144) -> -1 | H144: =VLOOKUP(E144,'Cadastro Produtos (kiwkiw)'!C:E,3,0) -> Colar Ivy Banho Ouro | AB144: 003060
C145: Saída | D145: 45499 | E145: 20120088 | F145: 1 | G145: =IF(C145="Entrada",F145,-F145) -> -1 | H145: =VLOOKUP(E145,'Cadastro Produtos (kiwkiw)'!C:E,3,0) -> Argola Tripla Banho Ouro | AB145: 003060
B146: 45502.421 | C146: Saída | D146: 45502 | E146: 30200088 | F146: 1 | G146: =IF(C146="Entrada",F146,-F146) -> -1 | H146: =VLOOKUP(E146,'Cadastro Produtos (kiwkiw)'!C:E,3,0) -> Colar Tina Banho Ouro | AB146: 003069
C147: Saída | D147: 45502 | E147: 40060088 | F147: 1 | G147: =IF(C147="Entrada",F147,-F147) -> -1 | H147: =VLOOKUP(E147,'Cadastro Produtos (kiwkiw)'!C:E,3,0) -> Pulseira Fita Textura Banho Ouro | AB147: 003069
C148: Saída | D148: 45502 | E148: 40090088 | F148: 1 | G148: =IF(C148="Entrada",F148,-F148) -> -1 | H148: =VLOOKUP(E148,'Cadastro Produtos (kiwkiw)'!C:E,3,0) -> Pulseira Minimal Banho Ouro | AB148: 003067
C149: Saída | D149: 45502 | E149: 30040088 | F149: 1 | G149: =IF(C149="Entrada",F149,-F149) -> -1 | H149: =VLOOKUP(E149,'Cadastro Produtos (kiwkiw)'!C:E,3,0) -> Colar Coracao Banho Ouro | AB149: 003067
C150: Saída | D150: 45502 | E150: 20120088 | F150: 1 | G150: =IF(C150="Entrada",F150,-F150) -> -1 | H150: =VLOOKUP(E150,'Cadastro Produtos (kiwkiw)'!C:E,3,0) -> Argola Tripla Banho Ouro | AB150: 003070
C151: Saída | D151: 45502 | E151: 40100099 | F151: 1 | G151: =IF(C151="Entrada",F151,-F151) -> -1 | H151: =VLOOKUP(E151,'Cadastro Produtos (kiwkiw)'!C:E,3,0) -> Pulseira Minimal Prateada | AB151: 003068
C152: Saída | D152: 45502 | E152: 20140099 | F152: 1 | G152: =IF(C152="Entrada",F152,-F152) -> -1 | H152: =VLOOKUP(E152,'Cadastro Produtos (kiwkiw)'!C:E,3,0) -> Argola Classy Prateada | AB152: 003068
C153: Saída | D153: 45502 | E153: 30260099 | F153: 1 | G153: =IF(C153="Entrada",F153,-F153) -> -1 | H153: =VLOOKUP(E153,'Cadastro Produtos (kiwkiw)'!C:E,3,0) -> Gargantilha Escama Prateada | AB153: 003066
B154: 45503.406 | C154: Saída | D154: 45503 | E154: 30140088 | F154: 1 | G154: =IF(C154="Entrada",F154,-F154) -> -1 | H154: =VLOOKUP(E154,'Cadastro Produtos (kiwkiw)'!C:E,3,0) -> Colar Longo Lua Banho Ouro | AB154: 003071
C155: Saída | D155: 45503 | E155: 30300088 | F155: 1 | G155: =IF(C155="Entrada",F155,-F155) -> -1 | H155: =VLOOKUP(E155,'Cadastro Produtos (kiwkiw)'!C:E,3,0) -> Gargantilha Minimal Banho Ouro | AB155: 003071
C156: Saída | D156: 45503 | E156: 20490088 | F156: 1 | G156: =IF(C156="Entrada",F156,-F156) -> -1 | H156: =VLOOKUP(E156,'Cadastro Produtos (kiwkiw)'!C:E,3,0) -> Ear Cuff Minimal Banho Ouro | AB156: 003071
C157: Saída | D157: 45503 | E157: 20520088 | F157: 1 | G157: =IF(C157="Entrada",F157,-F157) -> -1 | H157: =VLOOKUP(E157,'Cadastro Produtos (kiwkiw)'!C:E,3,0) -> Ear Hook Hug Banho Ouro | AB157: 003071
C158: Saída | D158: 45503 | E158: 10010088 | F158: 1 | G158: =IF(C158="Entrada",F158,-F158) -> -1 | H158: =VLOOKUP(E158,'Cadastro Produtos (kiwkiw)'!C:E,3,0) -> Anel Duplo Banho Ouro | AB158: 003071
B159: 45504.42 | C159: Saída | D159: 45504 | E159: 20230088 | F159: 1 | G159: =IF(C159="Entrada",F159,-F159) -> -1 | H159: =VLOOKUP(E159,'Cadastro Produtos (kiwkiw)'!C:E,3,0) -> Brinco Bubble Medio Banho Ouro | AB159: 003072
B160: 45505.423 | C160: Saída | D160: 45505 | E160: 30030088 | F160: 1 | G160: =IF(C160="Entrada",F160,-F160) -> -1 | H160: =VLOOKUP(E160,'Cadastro Produtos (kiwkiw)'!C:E,3,0) -> Colar Rosa dos Ventos Banho Ouro | AB160: 003073
B161: 45509.43 | C161: Saída | D161: 45509 | E161: 20300088 | F161: 1 | G161: =IF(C161="Entrada",F161,-F161) -> -1 | H161: =VLOOKUP(E161,'Cadastro Produtos (kiwkiw)'!C:E,3,0) -> Brinco Leque Banho Ouro | AB161: 003087
C162: Saída | D162: 45509 | E162: 20610088 | F162: 1 | G162: =IF(C162="Entrada",F162,-F162) -> -1 | H162: =VLOOKUP(E162,'Cadastro Produtos (kiwkiw)'!C:E,3,0) -> Mini Argola Classy Banho Ouro | AB162: 003087
C163: Saída | D163: 45509 | E163: 20650088 | F163: 1 | G163: =IF(C163="Entrada",F163,-F163) -> -1 | H163: =VLOOKUP(E163,'Cadastro Produtos (kiwkiw)'!C:E,3,0) -> Piercing Fake Classy Banho Ouro | AB163: 003087
C164: Saída | D164: 45509 | E164: 20650088 | F164: 1 | G164: =IF(C164="Entrada",F164,-F164) -> -1 | H164: =VLOOKUP(E164,'Cadastro Produtos (kiwkiw)'!C:E,3,0) -> Piercing Fake Classy Banho Ouro | AB164: 003079
C165: Saída | D165: 45509 | E165: 20130088 | F165: 1 | G165: =IF(C165="Entrada",F165,-F165) -> -1 | H165: =VLOOKUP(E165,'Cadastro Produtos (kiwkiw)'!C:E,3,0) -> Argola Classy Banho Ouro | AB165: 003087
C166: Saída | D166: 45509 | E166: 30230088 | F166: 1 | G166: =IF(C166="Entrada",F166,-F166) -> -1 | H166: =VLOOKUP(E166,'Cadastro Produtos (kiwkiw)'!C:E,3,0) -> Colar Corrente Groumet Banho Ouro | AB166: 003087
C167: Saída | D167: 45509 | E167: 30190088 | F167: 1 | G167: =IF(C167="Entrada",F167,-F167) -> -1 | H167: =VLOOKUP(E167,'Cadastro Produtos (kiwkiw)'!C:E,3,0) -> Colar Sao Jorge Banho Ouro | AB167: 003087
C168: Saída | D168: 45509 | E168: 40060088 | F168: 1 | G168: =IF(C168="Entrada",F168,-F168) -> -1 | H168: =VLOOKUP(E168,'Cadastro Produtos (kiwkiw)'!C:E,3,0) -> Pulseira Fita Textura Banho Ouro | AB168: 003087
C169: Saída | D169: 45509 | E169: 40050088 | F169: 1 | G169: =IF(C169="Entrada",F169,-F169) -> -1 | H169: =VLOOKUP(E169,'Cadastro Produtos (kiwkiw)'!C:E,3,0) -> Pulseira Dots Banho Ouro | AB169: 003087
C170: Saída | D170: 45509 | E170: 40050088 | F170: 1 | G170: =IF(C170="Entrada",F170,-F170) -> -1 | H170: =VLOOKUP(E170,'Cadastro Produtos (kiwkiw)'!C:E,3,0) -> Pulseira Dots Banho Ouro | AB170: 003077
C171: Saída | D171: 45509 | E171: 40030088 | F171: 1 | G171: =IF(C171="Entrada",F171,-F171) -> -1 | H171: =VLOOKUP(E171,'Cadastro Produtos (kiwkiw)'!C:E,3,0) -> Bracelete Wave Banho Ouro | AB171: 003087
C172: Saída | D172: 45509 | E172: 40030088 | F172: 1 | G172: =IF(C172="Entrada",F172,-F172) -> -1 | H172: =VLOOKUP(E172,'Cadastro Produtos (kiwkiw)'!C:E,3,0) -> Bracelete Wave Banho Ouro | AB172: 003081
C173: Saída | D173: 45509 | E173: 40090088 | F173: 1 | G173: =IF(C173="Entrada",F173,-F173) -> -1 | H173: =VLOOKUP(E173,'Cadastro Produtos (kiwkiw)'!C:E,3,0) -> Pulseira Minimal Banho Ouro | AB173: 003087
... C209: Saída | D209: 45509 | E209: 20520088 | F209: 1 | G209: =IF(C209="Entrada",F209,-F209) -> -1 | H209: =VLOOKUP(E209,'Cadastro Produtos (kiwkiw)'!C:E,3,0) -> Ear Hook Hug Banho Ouro | AB209: 003075
B210: 45510.424 | C210: Saída | D210: 45510 | E210: 30130088 | F210: 1 | G210: =IF(C210="Entrada",F210,-F210) -> -1 | H210: =VLOOKUP(E210,'Cadastro Produtos (kiwkiw)'!C:E,3,0) -> Colar Longo Medalha Coracao Banho Ouro | AB210: 003091
C211: Saída | D211: 45510 | E211: 30160088 | F211: 1 | G211: =IF(C211="Entrada",F211,-F211) -> -1 | H211: =VLOOKUP(E211,'Cadastro Produtos (kiwkiw)'!C:E,3,0) -> Colar Ivy Banho Ouro | AB211: 003091
C212: Saída | D212: 45510 | E212: 30210088 | F212: 1 | G212: =IF(C212="Entrada",F212,-F212) -> -1 | H212: =VLOOKUP(E212,'Cadastro Produtos (kiwkiw)'!C:E,3,0) -> Colar Line Banho Ouro | AB212: 003089
C213: Saída | D213: 45510 | E213: 40040088 | F213: 2 | G213: =IF(C213="Entrada",F213,-F213) -> -2 | H213: =VLOOKUP(E213,'Cadastro Produtos (kiwkiw)'!C:E,3,0) -> Bracelete Torcido Banho Ouro | AB213: 003088
C214: Saída | D214: 45510 | E214: 20160088 | F214: 1 | G214: =IF(C214="Entrada",F214,-F214) -> -1 | H214: =VLOOKUP(E214,'Cadastro Produtos (kiwkiw)'!C:E,3,0) -> Argolinha Click Dots Banho Ouro | AB214: 003092
C215: Saída | D215: 45510 | E215: 20180088 | F215: 1 | G215: =IF(C215="Entrada",F215,-F215) -> -1 | H215: =VLOOKUP(E215,'Cadastro Produtos (kiwkiw)'!C:E,3,0) -> Argolinha Folha Banho Ouro | AB215: 003092
C216: Saída | D216: 45510 | E216: 20650088 | F216: 1 | G216: =IF(C216="Entrada",F216,-F216) -> -1 | H216: =VLOOKUP(E216,'Cadastro Produtos (kiwkiw)'!C:E,3,0) -> Piercing Fake Classy Banho Ouro | AB216: 003092
C217: Saída | D217: 45510 | E217: 30300088 | F217: 1 | G217: =IF(C217="Entrada",F217,-F217) -> -1 | H217: =VLOOKUP(E217,'Cadastro Produtos (kiwkiw)'!C:E,3,0) -> Gargantilha Minimal Banho Ouro | AB217: 003090
C218: Saída | D218: 45510 | E218: 20550088 | F218: 1 | G218: =IF(C218="Entrada",F218,-F218) -> -1 | H218: =VLOOKUP(E218,'Cadastro Produtos (kiwkiw)'!C:E,3,0) -> EarHook Torcido Banho Ouro | AB218: 003090
C219: Saída | D219: 45510 | E219: 20640088 | F219: 1 | G219: =IF(C219="Entrada",F219,-F219) -> -1 | H219: =VLOOKUP(E219,'Cadastro Produtos (kiwkiw)'!C:E,3,0) -> Piercing Fake Minimal Banho Ouro | AB219: 003090
B220: 45511.425 | C220: Saída | D220: 45511 | E220: 20430088 | F220: 1 | G220: =IF(C220="Entrada",F220,-F220) -> -1 | H220: =VLOOKUP(E220,'Cadastro Produtos (kiwkiw)'!C:E,3,0) -> Brinco Spring Banho Ouro | AB220: 003093
C221: Entrada | D221: 45511 | E221: 30160088 | F221: 1 | G221: =IF(C221="Entrada",F221,-F221) -> 1 | H221: =VLOOKUP(E221,'Cadastro Produtos (kiwkiw)'!C:E,3,0) -> Colar Ivy Banho Ouro | I221: Devolução NF 3057
B222: 45512.415 | C222: Saída | D222: 45511 | E222: 30160088 | F222: 1 | G222: =IF(C222="Entrada",F222,-F222) -> -1 | H222: =VLOOKUP(E222,'Cadastro Produtos (kiwkiw)'!C:E,3,0) -> Colar Ivy Banho Ouro | AB222: 003095
C223: Saída | D223: 45511 | E223: 30160088 | F223: 1 | G223: =IF(C223="Entrada",F223,-F223) -> -1 | H223: =VLOOKUP(E223,'Cadastro Produtos (kiwkiw)'!C:E,3,0) -> Colar Ivy Banho Ouro | AB223: 003096
C224: Saída | D224: 45511 | E224: 30010088 | F224: 1 | G224: =IF(C224="Entrada",F224,-F224) -> -1 | H224: =VLOOKUP(E224,'Cadastro Produtos (kiwkiw)'!C:E,3,0) -> Colar Dot Banho Ouro | AB224: 003095
C225: Saída | D225: 45511 | E225: 20520088 | F225: 1 | G225: =IF(C225="Entrada",F225,-F225) -> -1 | H225: =VLOOKUP(E225,'Cadastro Produtos (kiwkiw)'!C:E,3,0) -> Ear Hook Hug Banho Ouro | AB225: 003094
C226: Saída | D226: 45511 | E226: 30070099 | F226: 1 | G226: =IF(C226="Entrada",F226,-F226) -> -1 | H226: =VLOOKUP(E226,'Cadastro Produtos (kiwkiw)'!C:E,3,0) -> Colar Duplo Dots Prateado | AB226: 003094
...

Sheet Cadastro Produtos (kiwkiw)
H1: KITs
B2: Cod. De barras | C2: SKU | D2: Cliente | E2: Nome | F2: Valor Unitário | G2: Caixa usada | H2: SKU 1 | I2: Quantidade | J2: SKU 2 | K2: Quantidade | L2: SKU 3 | M2: quantidade | N2: Obs
C3: 10060088 | D3: Hava Acessorios LTDA | E3: Anel Drop Banho Ouro
C4: 10010088 | D4: Hava Acessorios LTDA | E4: Anel Duplo Banho Ouro
C5: 10020088 | D5: Hava Acessorios LTDA | E5: Anel Etta Banho Ouro
C6: 10050088 | D6: Hava Acessorios LTDA | E6: Anel No Banho Ouro
C7: 10040088 | D7: Hava Acessorios LTDA | E7: Anel Roll Banho Ouro
C8: 10030088 | D8: Hava Acessorios LTDA | E8: Anel Zig Ajustavel Banho Ouro
C9: 20030088 | D9: Hava Acessorios LTDA | E9: Argola Amy Banho Ouro
C10: 20010088 | D10: Hava Acessorios LTDA | E10: Argola Bold Grande Banho Ouro
C11: 20020088 | D11: Hava Acessorios LTDA | E11: Argola Bold Pequena Banho Ouro
C12: 20130088 | D12: Hava Acessorios LTDA | E12: Argola Classy Banho Ouro
C13: 20140099 | D13: Hava Acessorios LTDA | E13: Argola Classy Prateada
C14: 20910088 | D14: Hava Acessorios LTDA | E14: Argola Click Croissant Banho Ouro
... C194: 40210088 | D194: Hava Acessorios LTDA | E194: Pulseira Torcida Banho Ouro
